threshold,tp,fp,tn,fn,precision,recall,f1,mcc,specificity,fraud_loss,fp_cost,total_cost
0.01,66,420,56467,9,0.135802,0.88,0.235294,0.344041,0.992617,501.08,5250.0,5751.08
0.02,66,193,56694,9,0.254826,0.88,0.39521,0.472486,0.996607,501.08,2412.5,2913.58
0.03,66,192,56695,9,0.255814,0.88,0.396396,0.473407,0.996625,501.08,2400.0,2901.08
0.04,61,126,56761,14,0.326203,0.813333,0.465649,0.514188,0.997785,765.14,1575.0,2340.14
0.05,61,94,56793,14,0.393548,0.813333,0.530435,0.565009,0.998348,765.14,1175.0,1940.14
0.06,61,94,56793,14,0.393548,0.813333,0.530435,0.565009,0.998348,765.14,1175.0,1940.14
0.07,61,94,56793,14,0.393548,0.813333,0.530435,0.565009,0.998348,765.14,1175.0,1940.14
0.08,61,94,56793,14,0.393548,0.813333,0.530435,0.565009,0.998348,765.14,1175.0,1940.14
0.09,61,94,56793,14,0.393548,0.813333,0.530435,0.565009,0.998348,765.14,1175.0,1940.14
0.1,60,37,56850,15,0.618557,0.8,0.697674,0.703016,0.99935,822.66,462.5,1285.16
0.11,60,37,56850,15,0.618557,0.8,0.697674,0.703016,0.99935,822.66,462.5,1285.16
0.12,60,37,56850,15,0.618557,0.8,0.697674,0.703016,0.99935,822.66,462.5,1285.16
0.13,60,37,56850,15,0.618557,0.8,0.697674,0.703016,0.99935,822.66,462.5,1285.16
0.14,60,37,56850,15,0.618557,0.8,0.697674,0.703016,0.99935,822.66,462.5,1285.16
0.15,60,37,56850,15,0.618557,0.8,0.697674,0.703016,0.99935,822.66,462.5,1285.16
0.16,60,37,56850,15,0.618557,0.8,0.697674,0.703016,0.99935,822.66,462.5,1285.16
0.17,60,37,56850,15,0.618557,0.8,0.697674,0.703016,0.99935,822.66,462.5,1285.16
0.18,60,37,56850,15,0.618557,0.8,0.697674,0.703016,0.99935,822.66,462.5,1285.16
0.19,60,37,56850,15,0.618557,0.8,0.697674,0.703016,0.99935,822.66,462.5,1285.16
0.2,60,37,56850,15,0.618557,0.8,0.697674,0.703016,0.99935,822.66,462.5,1285.16
0.21,60,37,56850,15,0.618557,0.8,0.697674,0.703016,0.99935,822.66,462.5,1285.16
0.22,60,29,56858,15,0.674157,0.8,0.731707,0.73401,0.99949,822.66,362.5,1185.16
0.23,60,29,56858,15,0.674157,0.8,0.731707,0.73401,0.99949,822.66,362.5,1185.16
0.24,60,29,56858,15,0.674157,0.8,0.731707,0.73401,0.99949,822.66,362.5,1185.16
0.25,60,29,56858,15,0.674157,0.8,0.731707,0.73401,0.99949,822.66,362.5,1185.16
0.26,60,29,56858,15,0.674157,0.8,0.731707,0.73401,0.99949,822.66,362.5,1185.16
0.27,60,29,56858,15,0.674157,0.8,0.731707,0.73401,0.99949,822.66,362.5,1185.16
0.28,60,29,56858,15,0.674157,0.8,0.731707,0.73401,0.99949,822.66,362.5,1185.16
0.29,58,5,56882,17,0.920635,0.773333,0.84058,0.843591,0.999912,928.07,62.5,990.57
0.3,58,5,56882,17,0.920635,0.773333,0.84058,0.843591,0.999912,928.07,62.5,990.57
0.31,58,5,56882,17,0.920635,0.773333,0.84058,0.843591,0.999912,928.07,62.5,990.57
0.32,58,5,56882,17,0.920635,0.773333,0.84058,0.843591,0.999912,928.07,62.5,990.57
0.33,57,5,56882,18,0.919355,0.76,0.832117,0.835696,0.999912,983.96,62.5,1046.46
0.34,54,1,56886,21,0.981818,0.72,0.830769,0.840611,0.999982,1158.84,12.5,1171.34
0.35,54,1,56886,21,0.981818,0.72,0.830769,0.840611,0.999982,1158.84,12.5,1171.34
0.36,54,1,56886,21,0.981818,0.72,0.830769,0.840611,0.999982,1158.84,12.5,1171.34
0.37,54,1,56886,21,0.981818,0.72,0.830769,0.840611,0.999982,1158.84,12.5,1171.34
0.38,54,1,56886,21,0.981818,0.72,0.830769,0.840611,0.999982,1158.84,12.5,1171.34
0.39,54,1,56886,21,0.981818,0.72,0.830769,0.840611,0.999982,1158.84,12.5,1171.34
0.4,54,1,56886,21,0.981818,0.72,0.830769,0.840611,0.999982,1158.84,12.5,1171.34
0.41,54,1,56886,21,0.981818,0.72,0.830769,0.840611,0.999982,1158.84,12.5,1171.34
0.42,54,1,56886,21,0.981818,0.72,0.830769,0.840611,0.999982,1158.84,12.5,1171.34
0.43,54,1,56886,21,0.981818,0.72,0.830769,0.840611,0.999982,1158.84,12.5,1171.34
0.44,54,1,56886,21,0.981818,0.72,0.830769,0.840611,0.999982,1158.84,12.5,1171.34
0.45,54,1,56886,21,0.981818,0.72,0.830769,0.840611,0.999982,1158.84,12.5,1171.34
0.46,54,1,56886,21,0.981818,0.72,0.830769,0.840611,0.999982,1158.84,12.5,1171.34
0.47,54,1,56886,21,0.981818,0.72,0.830769,0.840611,0.999982,1158.84,12.5,1171.34
0.48,54,1,56886,21,0.981818,0.72,0.830769,0.840611,0.999982,1158.84,12.5,1171.34
0.49,54,1,56886,21,0.981818,0.72,0.830769,0.840611,0.999982,1158.84,12.5,1171.34
0.5,54,1,56886,21,0.981818,0.72,0.830769,0.840611,0.999982,1158.84,12.5,1171.34
0.51,54,1,56886,21,0.981818,0.72,0.830769,0.840611,0.999982,1158.84,12.5,1171.34
0.52,54,1,56886,21,0.981818,0.72,0.830769,0.840611,0.999982,1158.84,12.5,1171.34
0.53,54,1,56886,21,0.981818,0.72,0.830769,0.840611,0.999982,1158.84,12.5,1171.34
0.54,54,1,56886,21,0.981818,0.72,0.830769,0.840611,0.999982,1158.84,12.5,1171.34
0.55,38,0,56887,37,1.0,0.506667,0.672566,0.711574,1.0,2029.76,0.0,2029.76
0.56,38,0,56887,37,1.0,0.506667,0.672566,0.711574,1.0,2029.76,0.0,2029.76
0.57,38,0,56887,37,1.0,0.506667,0.672566,0.711574,1.0,2029.76,0.0,2029.76
0.58,38,0,56887,37,1.0,0.506667,0.672566,0.711574,1.0,2029.76,0.0,2029.76
0.59,38,0,56887,37,1.0,0.506667,0.672566,0.711574,1.0,2029.76,0.0,2029.76
0.6,38,0,56887,37,1.0,0.506667,0.672566,0.711574,1.0,2029.76,0.0,2029.76
0.61,33,0,56887,42,1.0,0.44,0.611111,0.66308,1.0,2294.51,0.0,2294.51
0.62,33,0,56887,42,1.0,0.44,0.611111,0.66308,1.0,2294.51,0.0,2294.51
0.63,33,0,56887,42,1.0,0.44,0.611111,0.66308,1.0,2294.51,0.0,2294.51
0.64,33,0,56887,42,1.0,0.44,0.611111,0.66308,1.0,2294.51,0.0,2294.51
0.65,33,0,56887,42,1.0,0.44,0.611111,0.66308,1.0,2294.51,0.0,2294.51
0.66,33,0,56887,42,1.0,0.44,0.611111,0.66308,1.0,2294.51,0.0,2294.51
0.67,33,0,56887,42,1.0,0.44,0.611111,0.66308,1.0,2294.51,0.0,2294.51
0.68,33,0,56887,42,1.0,0.44,0.611111,0.66308,1.0,2294.51,0.0,2294.51
0.69,33,0,56887,42,1.0,0.44,0.611111,0.66308,1.0,2294.51,0.0,2294.51
0.7,33,0,56887,42,1.0,0.44,0.611111,0.66308,1.0,2294.51,0.0,2294.51
0.71,33,0,56887,42,1.0,0.44,0.611111,0.66308,1.0,2294.51,0.0,2294.51
0.72,33,0,56887,42,1.0,0.44,0.611111,0.66308,1.0,2294.51,0.0,2294.51
0.73,32,0,56887,43,1.0,0.426667,0.598131,0.652951,1.0,2347.2,0.0,2347.2
0.74,32,0,56887,43,1.0,0.426667,0.598131,0.652951,1.0,2347.2,0.0,2347.2
0.75,32,0,56887,43,1.0,0.426667,0.598131,0.652951,1.0,2347.2,0.0,2347.2
0.76,32,0,56887,43,1.0,0.426667,0.598131,0.652951,1.0,2347.2,0.0,2347.2
0.77,32,0,56887,43,1.0,0.426667,0.598131,0.652951,1.0,2347.2,0.0,2347.2
0.78,32,0,56887,43,1.0,0.426667,0.598131,0.652951,1.0,2347.2,0.0,2347.2
0.79,32,0,56887,43,1.0,0.426667,0.598131,0.652951,1.0,2347.2,0.0,2347.2
0.8,32,0,56887,43,1.0,0.426667,0.598131,0.652951,1.0,2347.2,0.0,2347.2
0.81,31,0,56887,44,1.0,0.413333,0.584906,0.642662,1.0,2399.88,0.0,2399.88
0.82,31,0,56887,44,1.0,0.413333,0.584906,0.642662,1.0,2399.88,0.0,2399.88
0.83,31,0,56887,44,1.0,0.413333,0.584906,0.642662,1.0,2399.88,0.0,2399.88
0.84,30,0,56887,45,1.0,0.4,0.571429,0.632206,1.0,2452.57,0.0,2452.57
0.85,30,0,56887,45,1.0,0.4,0.571429,0.632206,1.0,2452.57,0.0,2452.57
0.86,6,0,56887,69,1.0,0.08,0.148148,0.282671,1.0,3736.35,0.0,3736.35
0.87,4,0,56887,71,1.0,0.053333,0.101266,0.230796,1.0,3841.93,0.0,3841.93
0.88,0,0,56887,75,0.0,0.0,0.0,0.0,1.0,4055.74,0.0,4055.74
0.89,0,0,56887,75,0.0,0.0,0.0,0.0,1.0,4055.74,0.0,4055.74
0.9,0,0,56887,75,0.0,0.0,0.0,0.0,1.0,4055.74,0.0,4055.74
0.91,0,0,56887,75,0.0,0.0,0.0,0.0,1.0,4055.74,0.0,4055.74
0.92,0,0,56887,75,0.0,0.0,0.0,0.0,1.0,4055.74,0.0,4055.74
0.93,0,0,56887,75,0.0,0.0,0.0,0.0,1.0,4055.74,0.0,4055.74
0.94,0,0,56887,75,0.0,0.0,0.0,0.0,1.0,4055.74,0.0,4055.74
0.95,0,0,56887,75,0.0,0.0,0.0,0.0,1.0,4055.74,0.0,4055.74
0.96,0,0,56887,75,0.0,0.0,0.0,0.0,1.0,4055.74,0.0,4055.74
0.97,0,0,56887,75,0.0,0.0,0.0,0.0,1.0,4055.74,0.0,4055.74
0.98,0,0,56887,75,0.0,0.0,0.0,0.0,1.0,4055.74,0.0,4055.74
0.99,0,0,56887,75,0.0,0.0,0.0,0.0,1.0,4055.74,0.0,4055.74
